,ic_mean,ic_t,n_weeks,decile10_bps,decile1_bps,spread_bps,net_sharpe,net_cagr,names_per_week
current_members,0.016429723224596238,3.1936035408820795,757.0,47.83587034510348,32.076945599499176,15.758924745604306,0.037880439275770506,-4.807181723243126e-05,471.0
pit_bestEffort,0.012418715321039496,2.346193938317418,757.0,31.810047760950155,22.918411784523723,8.89163597642643,-0.16974954935700806,-0.015109345029096222,439.0
