decile,fwd
1.0,0.003096566802799797
2.0,0.003205037187614501
3.0,0.0026888815359340547
4.0,0.003096328374237626
5.0,0.0032441187051902784
6.0,0.003506191628356923
7.0,0.003408496927691385
8.0,0.00380420603099016
9.0,0.003982921185530009
10.0,0.004637600865212414
